,sic_1,sic_2,naics_2,naics_3,naics_4,gsector,ggroup,spcseccd,spcindcd,hp,sp_10,sp_20,sp_30,sp_40,sp_50,sp_60,sp_70,sp_80,sp_90,sp_100,sp_120,sp_140,sp_160,sp_180,sp_200,sp_220,sp_240,st_10,st_20,st_30,st_40,st_50,st_60,st_70,st_80,st_90,st_100,st_120,st_140,st_160,st_180,st_200,st_220,st_240
2000,"(0.30964847048633126, 0.46711309181582067)","(0.1617990399762412, 0.46711309181582067)","(0.21586857014786281, 0.46711309181582067)","(0.18098785802999603, 0.46711309181582067)","(0.15378468666944373, 0.4671130918158206)","(0.3068301761787674, 0.46711309181582067)","(0.21430647074881398, 0.4671130918158206)","(0.32888360139116835, 0.46745395351012126)","(0.14717507246024972, 0.46745395351012126)","(0.1581765538310301, 0.2146436519235497)","(0.17756302056269327, 0.2226712178267796)","(0.1553392268506564, 0.2226712178267796)","(0.143121110697247, 0.2226712178267796)","(0.14215928898099386, 0.2226712178267796)","(0.13390931490686178, 0.22267121782677962)","(0.13271802849872016, 0.2226712178267796)","(0.12985495855224014, 0.2226712178267796)","(0.12849573634878034, 0.2226712178267796)","(0.1225940790770514, 0.22267121782677962)","(0.1180565111715168, 0.22267121782677962)","(0.11206576249588182, 0.22267121782677962)","(0.10803404989531185, 0.22267121782677962)","(0.10274539016594492, 0.2226712178267796)","(0.10263764966559112, 0.22267121782677962)","(0.08857530775272345, 0.2226712178267796)","(0.08308686859798296, 0.22267121782677962)","(0.07991199550058743, 0.22267121782677962)","(0.25228826712466895, 0.4679143212083012)","(0.23568672464322066, 0.4679143212083011)","(0.23112627805193373, 0.46791432120830123)","(0.22474074147955225, 0.4679143212083012)","(0.2091872925177264, 0.4679143212083012)","(0.19571817577876724, 0.4679143212083012)","(0.18641964711385348, 0.46791432120830123)","(0.18006074217078316, 0.46791432120830123)","(0.15324072583069054, 0.46791432120830123)","(0.14922338278597844, 0.46791432120830123)","(0.13863162937852794, 0.4679143212083012)","(0.1318223606780768, 0.46791432120830123)","(0.12455826155739898, 0.46791432120830123)","(0.12127663739744332, 0.46791432120830123)","(0.1126474999035453, 0.46791432120830123)","(0.1072033412033124, 0.4679143212083012)","(0.10222404319679901, 0.46791432120830123)"
2001,"(1.426892409535388, 2.683022887089249)","(0.8801068190660633, 2.6830228870892485)","(1.1850477938152268, 2.683022887089249)","(0.90594644157583, 2.6830228870892485)","(0.8453382748841035, 2.6830228870892494)","(1.1366512292931952, 2.68302288708925)","(0.8334247062005771, 2.683022887089249)","(1.3381507199659117, 2.693483741754971)","(0.5756098511310389, 2.6934837417549704)","(1.1078559729379025, 2.756354779583663)","(1.337625334172672, 2.7728150948847636)","(1.1696078244446413, 2.7728150948847636)","(0.5910365861466825, 2.7728150948847636)","(0.5711479175740289, 2.7728150948847645)","(0.5688549946493222, 2.772815094884764)","(0.5656860637128406, 2.772815094884764)","(0.5643697123973554, 2.772815094884764)","(0.5621242997871009, 2.772815094884764)","(0.560692119547568, 2.772815094884764)","(0.5552577957568391, 2.772815094884764)","(0.5318927735225933, 2.772815094884764)","(0.5275561585407491, 2.772815094884764)","(0.505285734034369, 2.772815094884764)","(0.49979199851827283, 2.772815094884764)","(0.49398128200207203, 2.772815094884764)","(0.48973343131144464, 2.7728150948847645)","(0.44657128668928103, 2.772815094884764)","(1.087252371671783, 2.6833069501237814)","(0.8094516846172255, 2.6833069501237814)","(0.7888106950113156, 2.6833069501237814)","(0.5818420001682956, 2.683306950123781)","(0.5214238271894777, 2.6833069501237814)","(0.517089627607471, 2.683306950123781)","(0.5156521850166814, 2.683306950123782)","(0.5107864079441349, 2.6833069501237814)","(0.5049178935559141, 2.6833069501237814)","(0.43558358022455834, 2.6833069501237814)","(0.3840938136689772, 2.6833069501237814)","(0.37471420335940325, 2.6833069501237814)","(0.36932880615267494, 2.6833069501237814)","(0.3641397243289994, 2.6833069501237814)","(0.33116806632770174, 2.6833069501237814)","(0.3208587999801237, 2.6833069501237814)","(0.31394744199319147, 2.6833069501237814)"
2002,"(1.059932284308999, 2.6771236442256487)","(0.8084481326529732, 2.6771236442256487)","(0.9477469857790047, 2.6771236442256487)","(0.7151699881957154, 2.6771236442256487)","(0.6834582275516184, 2.6771236442256487)","(0.9371310500422734, 2.677123644225649)","(0.9254206345142506, 2.677123644225649)","(0.9512508622885696, 2.7164723945648817)","(0.4662329996876438, 2.7164723945648817)","(1.1054200752359433, 2.7350793545397813)","(1.2243437583786276, 2.7510243952501328)","(0.8988546778890459, 2.7510243952501328)","(0.8596865475105651, 2.7510243952501328)","(0.5438020394815635, 2.751024395250133)","(0.5063959431225963, 2.7510243952501328)","(0.4995230678604227, 2.7510243952501336)","(0.4699231647887152, 2.7510243952501328)","(0.45931572792558284, 2.751024395250133)","(0.45474750623788796, 2.751024395250133)","(0.4565216908528168, 2.7510243952501336)","(0.4313800323327105, 2.751024395250133)","(0.4279034939567352, 2.7510243952501328)","(0.42410773281215625, 2.751024395250133)","(0.3924509772468363, 2.7510243952501336)","(0.3250306165454516, 2.7510243952501336)","(0.2887353401258646, 2.7510243952501328)","(0.28099744601626553, 2.7510243952501328)","(1.4149663829875025, 2.6753154547301836)","(1.096296413318964, 2.6753154547301836)","(0.8890900982030423, 2.675315454730183)","(0.7933307096655995, 2.675315454730183)","(0.7567408742436613, 2.6753154547301827)","(0.7346479604833749, 2.6753154547301827)","(0.7214882803562488, 2.675315454730183)","(0.699835948355846, 2.6753154547301827)","(0.6929666086676908, 2.6753154547301827)","(0.6197257615808429, 2.675315454730183)","(0.607798127870761, 2.675315454730183)","(0.5979114410709566, 2.675315454730183)","(0.40978839900388464, 2.675315454730183)","(0.39447838773804605, 2.675315454730183)","(0.3881329366581982, 2.675315454730183)","(0.37169043928238515, 2.675315454730183)","(0.355783002435979, 2.675315454730183)"
2003,"(0.3255155987005693, 0.3962463502628849)","(0.2613281715283783, 0.3962463502628849)","(0.2931028658598761, 0.3962463502628849)","(0.251304870361711, 0.3962463502628849)","(0.22390331870869068, 0.3962463502628849)","(0.3008343601347433, 0.3962463502628849)","(0.28321821634825317, 0.3962463502628849)","(0.30123779263906303, 0.3465414479968614)","(0.1660787843300624, 0.3465414479968614)","(0.22278464148155847, 0.3019406549299976)","(0.2802711752644991, 0.35084611899804047)","(0.2536115897684464, 0.35084611899804047)","(0.2353066610785057, 0.35084611899804047)","(0.2255368928864552, 0.35084611899804047)","(0.22109211124056144, 0.35084611899804047)","(0.21475079028790725, 0.3508461189980405)","(0.20805525070166134, 0.3508461189980405)","(0.20786465008919972, 0.3508461189980405)","(0.20740868248455532, 0.3508461189980405)","(0.20613706469019002, 0.3508461189980405)","(0.20200837737433028, 0.35084611899804047)","(0.19861662791302637, 0.35084611899804047)","(0.19109980965530124, 0.35084611899804047)","(0.18190921115502562, 0.35084611899804047)","(0.174104368165321, 0.35084611899804047)","(0.15615169662915615, 0.35084611899804047)","(0.15116190922822903, 0.35084611899804047)","(0.3540741233672097, 0.39933421964243765)","(0.3177772917241574, 0.39933421964243765)","(0.3037656763462159, 0.39933421964243765)","(0.2810888594813691, 0.39933421964243765)","(0.26977826902981145, 0.39933421964243765)","(0.2594961448697493, 0.39933421964243765)","(0.24931785161756992, 0.3993342196424377)","(0.24371334024247604, 0.39933421964243765)","(0.2347105747714187, 0.39933421964243765)","(0.22635174267090213, 0.39933421964243765)","(0.211725422781973, 0.39933421964243765)","(0.1968476026381798, 0.39933421964243765)","(0.18725663952079286, 0.39933421964243765)","(0.1743293670463981, 0.39933421964243765)","(0.17112928784054765, 0.39933421964243765)","(0.16252086039023533, 0.39933421964243765)","(0.1573989355293145, 0.39933421964243765)"
2004,"(0.33123125459124064, 0.39662800803800513)","(0.2131535185236858, 0.39662800803800513)","(0.25048649247115484, 0.39662800803800513)","(0.21380079500735485, 0.39662800803800513)","(0.19014567631232152, 0.3966280080380051)","(0.28611907558408173, 0.3966280080380051)","(0.2364511728255331, 0.3966280080380051)","(0.26196745592519266, 0.3496850707106608)","(0.1467398321022411, 0.34968507071066085)","(0.2535277097792895, 0.39937793794808324)","(0.31206099244146285, 0.4003969873919676)","(0.2874389917759206, 0.4003969873919676)","(0.2699127357345033, 0.4003969873919676)","(0.2678712022794228, 0.4003969873919676)","(0.2613474983834205, 0.40039698739196755)","(0.2574985217401646, 0.4003969873919676)","(0.25461186568970146, 0.4003969873919676)","(0.2394498655673745, 0.4003969873919676)","(0.23271277698978934, 0.4003969873919676)","(0.22872992361609248, 0.4003969873919676)","(0.22264576245506057, 0.4003969873919676)","(0.21952729828034837, 0.40039698739196766)","(0.2263313882388436, 0.40039698739196766)","(0.219490097758572, 0.4003969873919676)","(0.21188830317669052, 0.4003969873919676)","(0.2049231188001675, 0.4003969873919676)","(0.19936069279158145, 0.4003969873919676)","(0.347490138586158, 0.4037246873923044)","(0.3181522619073342, 0.4037246873923044)","(0.30540014789145176, 0.4037246873923044)","(0.284939888508277, 0.40372468739230444)","(0.27303610623070834, 0.40372468739230444)","(0.2670795994038234, 0.4037246873923044)","(0.2582658207487707, 0.40372468739230444)","(0.2529760473755447, 0.40372468739230444)","(0.2402945790768668, 0.40372468739230444)","(0.23694898255187072, 0.40372468739230444)","(0.21150234642099816, 0.40372468739230444)","(0.20655131598856852, 0.40372468739230444)","(0.18360670934347328, 0.4037246873923044)","(0.17995597834278554, 0.40372468739230444)","(0.16974270714143175, 0.4037246873923044)","(0.14960333019011926, 0.40372468739230444)","(0.14364062578453374, 0.4037246873923044)"
2005,"(0.5343884618044743, 0.7593955983275034)","(0.32752427694044994, 0.7593955983275035)","(0.36985460115150776, 0.7593955983275035)","(0.3101860041546741, 0.7593955983275035)","(0.27471296893872343, 0.7593955983275035)","(0.5271651735395954, 0.7593955983275035)","(0.36146282032469146, 0.7593955983275035)","(0.47514951964835517, 0.7473726442114644)","(0.2243266582102101, 0.7473726442114644)","(0.39356136782892237, 0.7449576478058392)","(0.4797976571793633, 0.7456020652808446)","(0.3663659413799713, 0.7456020652808446)","(0.33783034058131245, 0.7456020652808446)","(0.32685221603056225, 0.7456020652808446)","(0.3189648811911562, 0.7456020652808447)","(0.31186756140651223, 0.7456020652808446)","(0.3096799009642757, 0.7456020652808448)","(0.2891010964177027, 0.7456020652808446)","(0.2836373408691117, 0.7456020652808446)","(0.27649387216106847, 0.7456020652808446)","(0.26570951899203593, 0.7456020652808447)","(0.26135517182199247, 0.7456020652808447)","(0.253843882893095, 0.7456020652808447)","(0.2516689058698279, 0.7456020652808446)","(0.24725125208260143, 0.7456020652808446)","(0.23709781624268852, 0.7456020652808446)","(0.22310379437785827, 0.7456020652808446)","(0.5143537579870666, 0.760112981260708)","(0.44176029786619725, 0.760112981260708)","(0.40551160470549996, 0.760112981260708)","(0.37427188324713795, 0.760112981260708)","(0.35305478594584466, 0.760112981260708)","(0.35798158960626364, 0.760112981260708)","(0.3419084471167431, 0.7601129812607079)","(0.3135561860181464, 0.7601129812607081)","(0.3006482539589416, 0.760112981260708)","(0.29793820604462506, 0.7601129812607081)","(0.28815429422809385, 0.7601129812607081)","(0.2781684812076077, 0.760112981260708)","(0.27112743701263536, 0.760112981260708)","(0.2047398878446016, 0.760112981260708)","(0.19382340923979474, 0.760112981260708)","(0.19185870311241285, 0.760112981260708)","(0.16341011063809696, 0.760112981260708)"
2006,"(0.5161387785430672, 0.6593198286620404)","(0.3754536472549379, 0.6593198286620404)","(0.4005798607692326, 0.6593198286620403)","(0.3511110424176699, 0.6593198286620404)","(0.27652563547176634, 0.6593198286620404)","(0.47197383660103137, 0.6593198286620404)","(0.373894377185255, 0.6593198286620404)","(0.4772917934516924, 0.6547412420070648)","(0.26350140790293414, 0.6547412420070648)","(0.3965045769069293, 0.6568332426627214)","(0.5373491949913575, 0.6778659985552349)","(0.4771030360969952, 0.6778659985552349)","(0.44878692097141665, 0.6778659985552349)","(0.43541517292706167, 0.6778659985552348)","(0.4083506798466444, 0.6778659985552348)","(0.4023256228949307, 0.6778659985552349)","(0.3950316170510076, 0.6778659985552349)","(0.3923095388948541, 0.6778659985552349)","(0.3814153289196553, 0.6778659985552348)","(0.3784397431098165, 0.6778659985552348)","(0.37233650189529505, 0.6778659985552349)","(0.36632609495810814, 0.6778659985552349)","(0.3630400848665057, 0.6778659985552348)","(0.33884410381345964, 0.6778659985552349)","(0.33053980359979257, 0.6778659985552348)","(0.326079769456974, 0.6778659985552349)","(0.3170670606896502, 0.6778659985552349)","(0.5386793255624434, 0.6599542420801665)","(0.4466432256501755, 0.6599542420801664)","(0.4178925046556643, 0.6599542420801664)","(0.39122288533613586, 0.6599542420801665)","(0.36502961004577095, 0.6599542420801664)","(0.3488945097703539, 0.6599542420801665)","(0.3269312693130397, 0.6599542420801665)","(0.31286913089814516, 0.6599542420801664)","(0.29187466426277714, 0.6599542420801665)","(0.27987062196003953, 0.6599542420801664)","(0.2746790796066296, 0.6599542420801664)","(0.2677785537361814, 0.6599542420801665)","(0.23659722817052026, 0.6599542420801665)","(0.22364591420671454, 0.6599542420801664)","(0.21491244889773456, 0.6599542420801665)","(0.19134190136239715, 0.6599542420801665)","(0.17575989530877778, 0.6599542420801665)"
2007,"(0.4925074114861471, 0.5563502869888288)","(0.3482615295209953, 0.5563502869888287)","(0.43823775547780985, 0.5563502869888287)","(0.3384566250819567, 0.5563502869888288)","(0.287108907085695, 0.5563502869888287)","(0.45246075413621384, 0.5563502869888288)","(0.3869805911601877, 0.5563502869888287)","(0.40312642528612463, 0.4747173361816012)","(0.25734569400055524, 0.4747173361816013)","(0.3827832615831746, 0.5619391056037056)","(0.4753113586967109, 0.5622109736087697)","(0.4242011067614583, 0.5622109736087696)","(0.38083068862413144, 0.5622109736087696)","(0.34368582290805155, 0.5622109736087696)","(0.3515568597635363, 0.5622109736087696)","(0.3341866237451957, 0.5622109736087697)","(0.3343425181645843, 0.5622109736087697)","(0.3187172240849588, 0.5622109736087697)","(0.29292277672934025, 0.5622109736087697)","(0.29267870045784167, 0.5622109736087697)","(0.2682650834914137, 0.5622109736087697)","(0.2638671009268087, 0.5622109736087696)","(0.250633880630966, 0.5622109736087696)","(0.24416806622907142, 0.5622109736087696)","(0.24379082552383854, 0.5622109736087697)","(0.2402413409313993, 0.5622109736087697)","(0.22815068239816164, 0.5622109736087696)","(0.48968804736293836, 0.5569589271055846)","(0.41495590948503486, 0.5569589271055845)","(0.37087669125627487, 0.5569589271055845)","(0.35453055357668467, 0.5569589271055845)","(0.3537331571754433, 0.5569589271055845)","(0.3424216314381419, 0.5569589271055845)","(0.3157057383514117, 0.5569589271055845)","(0.3061726373484076, 0.5569589271055845)","(0.2962099404771066, 0.5569589271055846)","(0.2934279973262137, 0.5569589271055845)","(0.27873905580030867, 0.5569589271055845)","(0.2722672245415916, 0.5569589271055845)","(0.2580469071073562, 0.5569589271055845)","(0.246091174835699, 0.5569589271055845)","(0.24255439404519527, 0.5569589271055845)","(0.22899000291230615, 0.5569589271055846)","(0.22068376202707024, 0.5569589271055845)"
2008,"(0.9832285429564642, 1.5020931353213025)","(0.6859447139050203, 1.5020931353213025)","(0.8920233524100156, 1.5020931353213025)","(0.710074895169779, 1.5020931353213025)","(0.6338562758277957, 1.5020931353213025)","(0.8539538425514419, 1.5020931353213025)","(0.6558286615071818, 1.5020931353213025)","(0.961137358646125, 1.574547348115141)","(0.5007102767143171, 1.574547348115141)","(0.8335535002712978, 1.530772206498155)","(0.730955049313298, 1.5365765151207316)","(0.6482808129755435, 1.5365765151207313)","(0.6296286853665102, 1.5365765151207313)","(0.6083391905377621, 1.5365765151207313)","(0.45455781491626895, 1.5365765151207316)","(0.45184323014438865, 1.5365765151207313)","(0.44328868974735186, 1.5365765151207313)","(0.43597817711578524, 1.5365765151207318)","(0.41896514588893874, 1.5365765151207316)","(0.4191380061011506, 1.5365765151207313)","(0.40822173126331857, 1.5365765151207313)","(0.394102342560881, 1.5365765151207316)","(0.38635823417715814, 1.5365765151207313)","(0.38101379264146573, 1.5365765151207318)","(0.37825937757896544, 1.5365765151207313)","(0.3731420089608224, 1.5365765151207316)","(0.23857617491122762, 1.5365765151207313)","(0.8821705334128485, 1.5030746876184078)","(0.7731899542583417, 1.5030746876184076)","(0.7088127771081214, 1.5030746876184078)","(0.6519384713151964, 1.503074687618408)","(0.6314955500134436, 1.503074687618408)","(0.5517507694105319, 1.5030746876184076)","(0.48163872641027067, 1.5030746876184076)","(0.46951965778643856, 1.5030746876184078)","(0.46822180908162786, 1.5030746876184078)","(0.46352721843606765, 1.5030746876184076)","(0.35726151340803597, 1.5030746876184076)","(0.3492000401370338, 1.5030746876184076)","(0.33606442413986554, 1.5030746876184078)","(0.3278758912472265, 1.5030746876184076)","(0.31733817030679795, 1.5030746876184078)","(0.28773311005015917, 1.5030746876184078)","(0.27937334277894565, 1.5030746876184076)"
2009,"(0.6377680008851971, 0.7976739643258343)","(0.4581116924338721, 0.7976739643258343)","(0.6045873216067156, 0.7976739643258342)","(0.46461061988648394, 0.7976739643258343)","(0.40505631555731525, 0.7976739643258342)","(0.59004972070735, 0.7976739643258343)","(0.4639914080494196, 0.7976739643258343)","(0.6108021097973682, 0.8338011525660618)","(0.4030200980005257, 0.8338011525660618)","(0.5689580827463592, 0.8131553214694722)","(0.5445368266833767, 0.8125697304741439)","(0.5302506036604984, 0.8125697304741438)","(0.4612372431968599, 0.8125697304741438)","(0.4465438694356749, 0.8125697304741438)","(0.4409272546035878, 0.8125697304741438)","(0.4200332973335789, 0.8125697304741438)","(0.41604841918104296, 0.8125697304741438)","(0.4074134363309621, 0.8125697304741437)","(0.40165967765556776, 0.8125697304741438)","(0.3994163429635536, 0.8125697304741438)","(0.39278254910449123, 0.8125697304741438)","(0.38702138108692896, 0.8125697304741438)","(0.380140202195598, 0.8125697304741438)","(0.37775837928597134, 0.8125697304741438)","(0.3578409787964198, 0.8125697304741438)","(0.35317464572038815, 0.8125697304741438)","(0.3385893143354397, 0.8125697304741438)","(0.6049502705685685, 0.7992128252171153)","(0.5670814705570094, 0.7992128252171152)","(0.49165001851845075, 0.7992128252171152)","(0.45687284655703836, 0.7992128252171153)","(0.45524108524493323, 0.7992128252171152)","(0.4440173126552177, 0.7992128252171152)","(0.42924399228319615, 0.7992128252171152)","(0.4181919191266156, 0.7992128252171153)","(0.4042562878220032, 0.7992128252171152)","(0.3573662427127804, 0.7992128252171152)","(0.3415091982769169, 0.7992128252171155)","(0.32962535095528994, 0.7992128252171152)","(0.2960265739231026, 0.7992128252171152)","(0.2861917567426349, 0.7992128252171153)","(0.2696372560653037, 0.7992128252171152)","(0.26280173262385786, 0.7992128252171152)","(0.25317760444095694, 0.7992128252171152)"
2010,"(0.35541804013044676, 0.41020660327037567)","(0.2592406884039036, 0.41020660327037567)","(0.3076313670553503, 0.41020660327037567)","(0.24603433760439591, 0.41020660327037567)","(0.22262534722722394, 0.4102066032703757)","(0.3239718584338479, 0.4102066032703757)","(0.3113647319847643, 0.4102066032703757)","(0.3321930971761935, 0.41654682006081883)","(0.22393830163287343, 0.41654682006081883)","(0.3199978284812331, 0.4136941990164823)","(0.33442991502996, 0.4129988492016127)","(0.30757735248697277, 0.4129988492016127)","(0.27918582548047194, 0.4129988492016127)","(0.2753235170780799, 0.4129988492016127)","(0.26100724193164, 0.4129988492016127)","(0.25631248020988584, 0.4129988492016127)","(0.25420527236043144, 0.4129988492016127)","(0.2506029904399399, 0.4129988492016127)","(0.2486412859692295, 0.4129988492016127)","(0.24724673428843322, 0.4129988492016127)","(0.24369703937123785, 0.4129988492016127)","(0.23036434481912976, 0.4129988492016127)","(0.21563947004764927, 0.4129988492016127)","(0.20786847460687888, 0.4129988492016127)","(0.20409799974357284, 0.4129988492016127)","(0.198681169696627, 0.4129988492016127)","(0.1940958301735381, 0.4129988492016127)","(0.38044670789198426, 0.41131740959024726)","(0.33645983049994865, 0.41131740959024726)","(0.3282117931125258, 0.41131740959024726)","(0.3042293054028892, 0.41131740959024726)","(0.2945436877336525, 0.41131740959024726)","(0.2885318595026462, 0.41131740959024726)","(0.2795014147920549, 0.41131740959024726)","(0.275569202763193, 0.41131740959024726)","(0.26138985764428796, 0.41131740959024726)","(0.25130286557403086, 0.41131740959024726)","(0.23853450323166903, 0.41131740959024726)","(0.2260892960525295, 0.41131740959024726)","(0.2058090429504802, 0.41131740959024726)","(0.20336468055759316, 0.4113174095902472)","(0.19747927028646373, 0.41131740959024726)","(0.18667221437915626, 0.41131740959024726)","(0.1659749529214423, 0.41131740959024726)"
2011,"(0.5035095507858249, 0.7190650251213824)","(0.27875152532959485, 0.7190650251213824)","(0.43413532561062407, 0.7190650251213824)","(0.2864313054645205, 0.7190650251213824)","(0.21970730454314294, 0.7190650251213825)","(0.4285669913748921, 0.7190650251213824)","(0.40314517215882245, 0.7190650251213824)","(0.39745378208129495, 0.7101557629514057)","(0.2250626727467811, 0.7101557629514055)","(0.36055076635377636, 0.7252138591621783)","(0.4676161140881032, 0.7233055819785388)","(0.36295448754415094, 0.7233055819785388)","(0.3473245492492306, 0.7233055819785389)","(0.28435807744080593, 0.7233055819785391)","(0.28170276029697955, 0.7233055819785388)","(0.27749478711949455, 0.7233055819785388)","(0.27115788978513844, 0.7233055819785389)","(0.26933325083451787, 0.7233055819785388)","(0.26396877096169447, 0.723305581978539)","(0.25920255465807246, 0.7233055819785388)","(0.2548408627221819, 0.7233055819785388)","(0.2249979519576729, 0.7233055819785388)","(0.21881372066815283, 0.7233055819785389)","(0.21330037997589407, 0.723305581978539)","(0.2083657185782057, 0.723305581978539)","(0.20032965023674099, 0.7233055819785389)","(0.19424386003339067, 0.723305581978539)","(0.513527065075721, 0.7203729833454527)","(0.45267428969350376, 0.7203729833454527)","(0.4015344646397532, 0.7203729833454527)","(0.3826477183765844, 0.7203729833454526)","(0.3438234970627902, 0.7203729833454526)","(0.32973746365302264, 0.7203729833454526)","(0.32319489696520964, 0.7203729833454526)","(0.31749326943804584, 0.7203729833454526)","(0.3116712630368345, 0.7203729833454526)","(0.3071856271014511, 0.7203729833454526)","(0.2789103175628523, 0.7203729833454527)","(0.2570214027347647, 0.7203729833454527)","(0.26599369276418655, 0.7203729833454525)","(0.24261476838922827, 0.7203729833454527)","(0.19571766655904566, 0.7203729833454527)","(0.1870094871516658, 0.7203729833454527)","(0.18165827760941272, 0.7203729833454527)"
2012,"(0.5880582301505197, 0.6492450342569377)","(0.3875187133872397, 0.6492450342569377)","(0.4749894913345925, 0.6492450342569377)","(0.3961326921453893, 0.6492450342569377)","(0.27912917008828714, 0.6492450342569377)","(0.4562045361219325, 0.6492450342569377)","(0.4113738753127015, 0.6492450342569377)","(0.4011903773422405, 0.5336366187981135)","(0.23201638050502804, 0.5336366187981135)","(0.3797655680674219, 0.6479885098578084)","(0.5313088795673293, 0.6458817642165319)","(0.5019598074650923, 0.6458817642165319)","(0.486311625250364, 0.645881764216532)","(0.41009561965599933, 0.6458817642165319)","(0.46994302287338374, 0.6458817642165319)","(0.463292741461435, 0.6458817642165319)","(0.44715575807146346, 0.6458817642165319)","(0.44403599093836055, 0.6458817642165319)","(0.4416944923389024, 0.6458817642165319)","(0.4365104240890368, 0.6458817642165319)","(0.3414858507549489, 0.6458817642165319)","(0.3329870288257541, 0.6458817642165319)","(0.41691503856311013, 0.6458817642165318)","(0.4054338348447561, 0.645881764216532)","(0.3961509321454925, 0.6458817642165319)","(0.3882899145456748, 0.6458817642165319)","(0.3756078348273838, 0.6458817642165319)","(0.4975416374330521, 0.6505746910756764)","(0.41735720876039245, 0.6505746910756764)","(0.3746947498585135, 0.6505746910756764)","(0.3527638608006203, 0.6505746910756764)","(0.35106307544260024, 0.6505746910756764)","(0.3319145483675587, 0.6505746910756764)","(0.3206946962840321, 0.6505746910756764)","(0.3156025070184624, 0.6505746910756764)","(0.31318287089285773, 0.6505746910756764)","(0.31415428449975447, 0.6505746910756764)","(0.29698703274550187, 0.6505746910756764)","(0.2921956659078584, 0.6505746910756764)","(0.25478149757195484, 0.6505746910756764)","(0.24797961476495628, 0.6505746910756764)","(0.20579800347709037, 0.6505746910756764)","(0.2049065150523465, 0.6505746910756764)","(0.19458034921182654, 0.6505746910756764)"
2013,"(0.4735587640458091, 0.5182791658886335)","(0.3189524313454762, 0.5182791658886335)","(0.39883122306745034, 0.5182791658886335)","(0.32067097761109276, 0.5182791658886335)","(0.27105197031403355, 0.5182791658886335)","(0.3908548521589085, 0.5182791658886334)","(0.34948025409125943, 0.5182791658886335)","(0.32353570572111606, 0.38589856353751006)","(0.20705516850176145, 0.38589856353751006)","(0.3614154878846624, 0.4688062663833077)","(0.40403071841520666, 0.4654975322217739)","(0.3519075704073403, 0.465497532221774)","(0.32908215103469196, 0.4654975322217739)","(0.3178494783531381, 0.465497532221774)","(0.31302490846632575, 0.4654975322217739)","(0.305879363372319, 0.465497532221774)","(0.3020346909085337, 0.4654975322217739)","(0.29976553876497675, 0.465497532221774)","(0.2960034157658206, 0.4654975322217739)","(0.2933191067839084, 0.465497532221774)","(0.2820352072799482, 0.465497532221774)","(0.27989553456373045, 0.4654975322217739)","(0.2397775041442439, 0.4654975322217739)","(0.23586220044617964, 0.4654975322217739)","(0.22790853982054657, 0.4654975322217739)","(0.2220734670256872, 0.4654975322217739)","(0.21568795919554293, 0.4654975322217739)","(0.44740083875594605, 0.5182268455383581)","(0.3965201463044848, 0.5182268455383581)","(0.36329021325167377, 0.5182268455383582)","(0.3502044635502585, 0.5182268455383581)","(0.3218043356912231, 0.5182268455383581)","(0.303883353323882, 0.5182268455383581)","(0.3025205235108172, 0.5182268455383582)","(0.2888800996882297, 0.5182268455383581)","(0.27756639992423965, 0.5182268455383581)","(0.27838432157290643, 0.5182268455383581)","(0.26993706884188357, 0.5182268455383581)","(0.261216539989446, 0.5182268455383581)","(0.2482513453371286, 0.5182268455383581)","(0.23892925660420156, 0.5182268455383582)","(0.24040706440807014, 0.5182268455383582)","(0.21468872825831475, 0.5182268455383582)","(0.19625857646080885, 0.5182268455383581)"
2014,"(0.2855634706936347, 0.3359485172773799)","(0.18679842860368903, 0.3359485172773799)","(0.2194421413130037, 0.3359485172773799)","(0.19504914893182615, 0.3359485172773799)","(0.16131631349130895, 0.3359485172773799)","(0.2289613587073121, 0.3359485172773799)","(0.21883094379724596, 0.3359485172773799)","(0.2932878262302217, 0.351055367025268)","(0.19136356420486714, 0.351055367025268)","(0.2284629943779763, 0.32074645529359835)","(0.21847837467421044, 0.2990887149094381)","(0.20560650983449275, 0.2990887149094381)","(0.20012603162233622, 0.2990887149094381)","(0.19096063436548275, 0.2990887149094381)","(0.1839248931103257, 0.2990887149094381)","(0.18073235421812764, 0.2990887149094381)","(0.17863171447428247, 0.2990887149094381)","(0.17606083968312738, 0.2990887149094381)","(0.1672282164651945, 0.2990887149094381)","(0.16360874994637845, 0.2990887149094381)","(0.1582903526489724, 0.2990887149094381)","(0.15345256048113454, 0.2990887149094381)","(0.1475747528838453, 0.2990887149094381)","(0.14292174675569, 0.2990887149094381)","(0.13739283736386304, 0.2990887149094381)","(0.13234746756642474, 0.2990887149094381)","(0.1274174215092328, 0.2990887149094381)","(0.30470288112272775, 0.3357522506064051)","(0.2836233690007351, 0.3357522506064051)","(0.26327936094318444, 0.3357522506064051)","(0.25190220740895486, 0.3357522506064051)","(0.2508585172708, 0.3357522506064051)","(0.24239015441426187, 0.3357522506064051)","(0.23681922978860534, 0.3357522506064051)","(0.2316928228488615, 0.3357522506064051)","(0.23023620719061827, 0.3357522506064051)","(0.22612746589291607, 0.3357522506064051)","(0.22220612700161543, 0.3357522506064051)","(0.21989828704393286, 0.3357522506064051)","(0.21481619501996324, 0.3357522506064051)","(0.19985822399263573, 0.3357522506064051)","(0.19235277290234037, 0.3357522506064051)","(0.18260015061034254, 0.3357522506064051)","(0.17203314441225384, 0.3357522506064051)"
2015,"(0.9988478377730495, 1.3108062457359906)","(0.6303802220169011, 1.3108062457359906)","(0.6664148669209484, 1.3108062457359906)","(0.58259400661924, 1.3108062457359908)","(0.5407051313248169, 1.3108062457359906)","(0.6416091107634952, 1.3108062457359908)","(0.6244163154251675, 1.3108062457359908)","(0.9901908675725921, 1.4173964701757418)","(0.6578986261473628, 1.417396470175742)","(0.5748551725780233, 1.3238756955008144)","(0.9096167030097125, 1.32187533120797)","(0.7926712313861213, 1.32187533120797)","(0.7802251319533505, 1.3218753312079699)","(0.7544157380641027, 1.3218753312079699)","(0.7335176553967837, 1.3218753312079699)","(0.7104513133809641, 1.3218753312079699)","(0.6932002713630091, 1.32187533120797)","(0.6825809830882337, 1.3218753312079699)","(0.6718803600870504, 1.32187533120797)","(0.6672272615532476, 1.3218753312079699)","(0.649439474455413, 1.3218753312079699)","(0.6320071318456092, 1.3218753312079699)","(0.6235658765621354, 1.3218753312079699)","(0.6160182103825959, 1.3218753312079699)","(0.6054338216826802, 1.3218753312079699)","(0.5919009713935726, 1.32187533120797)","(0.5720123282232388, 1.32187533120797)","(0.7324074759948815, 1.3116492699128128)","(0.6438693920385373, 1.3116492699128128)","(0.5359094329026582, 1.3116492699128126)","(0.5165096148374108, 1.3116492699128128)","(0.5020237447845894, 1.311649269912813)","(0.48350064847228796, 1.311649269912813)","(0.4757686712837737, 1.311649269912813)","(0.4095627629134772, 1.3116492699128128)","(0.40472786947876405, 1.3116492699128128)","(0.39225539298680007, 1.311649269912813)","(0.36947862043783974, 1.3116492699128128)","(0.3596224874387827, 1.3116492699128128)","(0.3604297878212473, 1.3116492699128128)","(0.2464542580974177, 1.311649269912813)","(0.22638595408369327, 1.3116492699128128)","(0.2173057942837052, 1.3116492699128128)","(0.20803917134382546, 1.3116492699128128)"
2016,"(0.7028016328478427, 0.9490831924352178)","(0.4399029317012239, 0.9490831924352178)","(0.5621283267578984, 0.9490831924352178)","(0.38476058011770853, 0.9490831924352178)","(0.35964945871307463, 0.9490831924352178)","(0.5030802686461504, 0.9490831924352177)","(0.48785814997943716, 0.9490831924352177)","(0.5866547087188679, 1.0276771793762274)","(0.3877417603533364, 1.0276771793762272)","(0.5599141256078739, 0.9661205846716007)","(0.6306356447395156, 0.956303133379876)","(0.601452405952831, 0.956303133379876)","(0.5272872918707278, 0.9563031333798759)","(0.4982283533663231, 0.9563031333798759)","(0.49316435100895223, 0.9563031333798759)","(0.43893054426613154, 0.9563031333798759)","(0.3877792843037213, 0.9563031333798759)","(0.40947329118377707, 0.9563031333798762)","(0.35886778829066623, 0.956303133379876)","(0.35648742427104513, 0.9563031333798762)","(0.34474697092542245, 0.956303133379876)","(0.33974515540294103, 0.9563031333798762)","(0.32363864738106807, 0.9563031333798759)","(0.31925047796973677, 0.9563031333798759)","(0.3111334630658327, 0.9563031333798762)","(0.29888361770072924, 0.956303133379876)","(0.28801987101499693, 0.9563031333798762)","(0.5469476545822571, 0.9496697411022842)","(0.4934048042036203, 0.9496697411022842)","(0.46109355750223624, 0.9496697411022842)","(0.4437285560592639, 0.9496697411022842)","(0.4421379425230966, 0.9496697411022842)","(0.39839943011991225, 0.9496697411022842)","(0.37978927961558895, 0.9496697411022842)","(0.3736324821795586, 0.9496697411022842)","(0.3665531179408434, 0.9496697411022842)","(0.3601148530140555, 0.9496697411022842)","(0.3371892800730548, 0.9496697411022842)","(0.33680861881528956, 0.9496697411022842)","(0.3226435486442993, 0.9496697411022842)","(0.3081859696154683, 0.9496697411022842)","(0.29886976109998326, 0.9496697411022842)","(0.2555735119289196, 0.9496697411022842)","(0.2484867729484904, 0.9496697411022842)"
2017,"(0.5892875255427019, 0.8358119047441156)","(0.4121706657319035, 0.8358119047441156)","(0.46768913222329017, 0.8358119047441155)","(0.4102890079412503, 0.8358119047441156)","(0.32761420304287336, 0.8358119047441156)","(0.4903002666432002, 0.8358119047441155)","(0.39715313567764426, 0.8358119047441155)","(0.5514644892510827, 0.9068256212095512)","(0.2810317633785788, 0.9068256212095512)","(0.401264216200335, 0.8385204587040522)","(0.5512702898333672, 0.8384799126484462)","(0.5943134794633675, 0.8384799126484462)","(0.3862209470263962, 0.8384799126484463)","(0.5748594614944968, 0.8384799126484463)","(0.563379532400184, 0.8384799126484463)","(0.5590384092419308, 0.8384799126484463)","(0.5406078578994736, 0.8384799126484465)","(0.539202255384387, 0.8384799126484462)","(0.5379161053250898, 0.8384799126484463)","(0.5321593774347123, 0.8384799126484463)","(0.5256342734332881, 0.8384799126484462)","(0.5218755594799589, 0.8384799126484462)","(0.5142663550137224, 0.8384799126484463)","(0.5067896344039118, 0.8384799126484462)","(0.501731836288136, 0.8384799126484463)","(0.49574267240788383, 0.8384799126484465)","(0.4875852949472945, 0.8384799126484463)","(0.5041296553437082, 0.836815652881926)","(0.45417056168925923, 0.8368156528819262)","(0.41393245116159455, 0.836815652881926)","(0.3965666821179201, 0.836815652881926)","(0.37503116239637296, 0.8368156528819262)","(0.3360660925934326, 0.8368156528819262)","(0.3317327041431128, 0.8368156528819259)","(0.3253028290204194, 0.8368156528819262)","(0.32115971926488557, 0.836815652881926)","(0.3152681405857874, 0.836815652881926)","(0.31240955291415756, 0.836815652881926)","(0.30701461646662886, 0.8368156528819259)","(0.2951953728852103, 0.836815652881926)","(0.2831036297378942, 0.8368156528819259)","(0.21616855317298178, 0.8368156528819259)","(0.20991334500475808, 0.8368156528819259)","(0.19936152715513492, 0.836815652881926)"
2018,"(0.4108530886232024, 0.6056424862646945)","(0.2880447167428955, 0.6056424862646946)","(0.3317284555867823, 0.6056424862646945)","(0.24798795066736123, 0.6056424862646945)","(0.22132189141446204, 0.6056424862646945)","(0.32887588680397645, 0.6056424862646945)","(0.3176191959874386, 0.6056424862646945)","(0.42464073998649593, 0.656681009802975)","(0.2750813355839078, 0.656681009802975)","(0.361446265455305, 0.6197830807360379)","(0.3592053010192394, 0.6089688947930983)","(0.33144126283241765, 0.6089688947930982)","(0.3125616235494693, 0.6089688947930983)","(0.3021227424563103, 0.6089688947930983)","(0.2970179038166654, 0.6089688947930982)","(0.2890953814974497, 0.6089688947930983)","(0.27264397958337033, 0.6089688947930982)","(0.2673758962490846, 0.6089688947930983)","(0.26608111842734694, 0.6089688947930983)","(0.2584007582078296, 0.6089688947930983)","(0.2512881365110601, 0.6089688947930983)","(0.24172734807234772, 0.6089688947930983)","(0.23596861171726052, 0.6089688947930983)","(0.22176286045979404, 0.6089688947930983)","(0.19624905518936542, 0.6089688947930983)","(0.1897609703225304, 0.6089688947930983)","(0.19748227676499486, 0.6089688947930983)","(0.42260197406070665, 0.6065734006962203)","(0.3911389067781369, 0.6065734006962203)","(0.35912114791691674, 0.6065734006962203)","(0.34396667007838644, 0.6065734006962203)","(0.3238887586024373, 0.6065734006962202)","(0.30755225038279915, 0.6065734006962203)","(0.30882468443138694, 0.6065734006962203)","(0.29956921322989905, 0.6065734006962203)","(0.2981844390187431, 0.6065734006962203)","(0.2989080199857373, 0.6065734006962203)","(0.28387758412735686, 0.6065734006962202)","(0.24980975403603173, 0.6065734006962203)","(0.24544842834370872, 0.6065734006962203)","(0.24152369778250252, 0.6065734006962203)","(0.22965205151191473, 0.6065734006962203)","(0.20649083034099663, 0.6065734006962203)","(0.198715561858434, 0.6065734006962203)"
2019,"(2.026339084138833, 3.590636596582306)","(0.8878691393480129, 3.590636596582306)","(1.6717727630355161, 3.5906365965823066)","(0.809919146095868, 3.590636596582307)","(0.7262273224432414, 3.5906365965823066)","(1.3805541513478625, 3.5906365965823066)","(1.2721550272669253, 3.5906365965823066)","(1.5308904138845496, 3.9536875256395962)","(0.826618425319829, 3.9536875256395962)","(1.6360823641853872, 3.6808249310411787)","(1.9884927709114264, 3.5839331420577887)","(1.1338434734807812, 3.5839331420577887)","(1.08595653161642, 3.583933142057789)","(1.0834602602425527, 3.5839331420577887)","(1.0394196562028104, 3.5839331420577887)","(0.9974468923577531, 3.5839331420577887)","(0.9796824087823309, 3.5839331420577887)","(0.9605457360332436, 3.5839331420577887)","(0.6601578679010023, 3.5839331420577887)","(0.6556465296313019, 3.5839331420577896)","(0.6052134658845142, 3.5839331420577887)","(0.5982940096264482, 3.5839331420577887)","(0.5856730707813169, 3.5839331420577887)","(0.5739765266562873, 3.5839331420577887)","(0.5905568352603466, 3.5839331420577887)","(0.580291806158624, 3.583933142057789)","(0.5215770010408064, 3.5839331420577887)","(1.9439455798189733, 3.5952621822079154)","(1.7127661511110066, 3.595262182207916)","(1.4174627514661993, 3.5952621822079154)","(1.3616654353689452, 3.595262182207916)","(1.3081422286230107, 3.5952621822079163)","(1.030330701150501, 3.5952621822079163)","(1.0101165471132685, 3.5952621822079154)","(0.9493379923221967, 3.5952621822079163)","(0.8487768637175878, 3.595262182207916)","(0.8225052480298531, 3.595262182207916)","(0.7990389537626609, 3.5952621822079154)","(0.7745286002541353, 3.595262182207916)","(0.7537892601016236, 3.5952621822079154)","(0.7231726121142206, 3.5952621822079163)","(0.7093986634601611, 3.595262182207916)","(0.692235754293718, 3.595262182207916)","(0.4107812633150729, 3.595262182207916)"
2020,"(0.5828376866150332, 0.7141671497838544)","(0.3717853441057793, 0.7141671497838545)","(0.4342944406864453, 0.7141671497838544)","(0.36941114572852707, 0.7141671497838544)","(0.3458390645879385, 0.7141671497838544)","(0.4219128538113593, 0.7141671497838545)","(0.4079117532415705, 0.7141671497838545)","(0.5803309913321637, 0.7749358178869705)","(0.39182918565404073, 0.7749358178869705)","(nan, nan)","(0.48397738292742915, 0.7141671497838544)","(0.6441170540199245, 0.7141671497838545)","(0.6236783283723563, 0.7141671497838544)","(0.6195580865411178, 0.7141671497838545)","(0.6150110058252319, 0.7141671497838545)","(0.6118182667750502, 0.7141671497838544)","(0.6042436803634642, 0.7141671497838545)","(0.6043494157162401, 0.7141671497838545)","(0.5982339949373076, 0.7141671497838545)","(0.5911403905951378, 0.7141671497838545)","(0.5867203482884601, 0.7141671497838545)","(0.5824843367124966, 0.7141671497838544)","(0.5772278939479949, 0.7141671497838545)","(0.5687209692963063, 0.7141671497838544)","(0.5501154680729935, 0.7141671497838544)","(0.5350468626122254, 0.7141671497838544)","(0.5174174454805789, 0.7141671497838544)","(0.5460225333866148, 0.7153654228834952)","(0.4749492273715151, 0.7153654228834952)","(0.4489942060854264, 0.7153654228834954)","(0.4365726394040025, 0.7153654228834952)","(0.38984277740173684, 0.7153654228834952)","(0.4048521194504446, 0.7153654228834952)","(0.39334050614010574, 0.7153654228834955)","(0.3791889535663793, 0.7153654228834952)","(0.3671897070408957, 0.7153654228834954)","(0.34108208693624936, 0.7153654228834952)","(0.31825322138843004, 0.7153654228834954)","(0.29573277154615724, 0.7153654228834952)","(0.28268401293256845, 0.7153654228834952)","(0.2647584110952187, 0.7153654228834952)","(0.2550613029578452, 0.7153654228834952)","(0.23261816876576474, 0.7153654228834952)","(0.21894253613406905, 0.7153654228834954)"
